19hc_A	No repeats found		TP=0;FP=0
1a4p_A	7-41;47-82		TP=2;FP=0
1a4s_A	No repeats found		TP=0;FP=0
1a6d_A	No repeats found		TP=0;FP=0
1a8l_A	No repeats found		TP=0;FP=0
1af2_A	No repeats found		TP=0;FP=0
1afw_B	26-278;294-407		TP=2;FP=0
1ahj_A	No repeats found		TP=0;FP=0
1ai3_A	No repeats found		TP=0;FP=0
1aj8_A	No repeats found		TP=0;FP=0
1ako_A	No repeats found		TP=0;FP=0
1ala_A	16-82;83-154;167-238;239-313		TP=4;FP=0
1aoa_A	No repeats found		TP=0;FP=0
1at0_A	258-322;324-391		TP=2;FP=0
1b24_A	9-49;54-89;105-136;140-174		TP=0;FP=4
1b65_A	No repeats found		TP=0;FP=0
1b70_B	No repeats found		TP=0;FP=0
1b77_A	No repeats found		TP=0;FP=0
1bj5_A	10-171;202-363;395-557		TP=3;FP=0
1bml_C	No repeats found		TP=0;FP=0
1boy_A	No repeats found		TP=0;FP=0
1bp1_A	1-229;250-456		TP=2;FP=0
1bwz_A	1-147;148-274		TP=2;FP=0
1c3g_A	No repeats found		TP=0;FP=0
1c8u_A	6-96;155-267		TP=2;FP=0
1c8v_B	No repeats found		TP=0;FP=0
1c9y_A	No repeats found		TP=0;FP=0
1cdw_A	155-237;245-328		TP=2;FP=0
1cjd_A	No repeats found		TP=0;FP=0
1ckv_A	No repeats found		TP=0;FP=0
1cpo_A	No repeats found		TP=0;FP=0
1d2o_A	No repeats found		TP=0;FP=0
1d4v_A	No repeats found		TP=0;FP=0
1d8h_A	No repeats found		TP=0;FP=0
1ddz_A	84-310;338-564		TP=2;FP=0
1dfc_A	1034-1132;1169-1255;1284-1378;1406-1487		TP=4;FP=0
1dkr_B	6-164;165-306		TP=2;FP=0
1dlp_A	26-42;43-72;74-104;150-166;167-197;199-229		TP=0;FP=6
1doz_A	43-163;187-306		TP=2;FP=0
1e0c_A	11-52;71-119;149-198;213-260		TP=0;FP=4
1eb7_A	28-167;182-303		TP=2;FP=0
1efd_N	32-143;171-293		TP=2;FP=0
1emn_A	No repeats found		TP=0;FP=0
1erz_A	2-160;162-272		TP=2;FP=0
1exj_A	No repeats found		TP=0;FP=0
1f0i_A	46-228;266-501		TP=2;FP=0
1f34_B	No repeats found		TP=0;FP=0
1f53_A	11-47;49-84		TP=2;FP=0
1f9z_A	No repeats found		TP=0;FP=0
1fga_A	20-57;62-98;103-143		TP=3;FP=0
1fjr_A	No repeats found		TP=0;FP=0
1ftr_A	15-61;67-114;160-206;227-286		TP=0;FP=4
1fx8_A	6-111;144-259		TP=2;FP=0
1fyz_E	No repeats found		TP=0;FP=0
1g1b_A	23-104;105-163		TP=2;FP=0
1g4m_A	No repeats found		TP=0;FP=0
1g61_A	2003-2042;2043-2086;2092-2133;2134-2177;2178-2223		TP=5;FP=0
1guw_A	No repeats found		TP=0;FP=0
1h5y_B	4-43;44-73;75-96;97-120;121-164;165-194;196-217;218-241		TP=0;FP=8
1h6g_A			TP=0;FP=0
1h99_A	No repeats found		TP=0;FP=0
1h9m_A	2-69;74-141		TP=2;FP=0
1haz_B	No repeats found		TP=0;FP=0
1hg7_A	No repeats found		TP=0;FP=0
1hr6_A	27-214;238-455		TP=2;FP=0
1hsl_A	2-105;108-212		TP=2;FP=0
1hxp_A	49-174;193-304		TP=2;FP=0
1i50_H	3-61;92-146		TP=2;FP=0
1i7o_A	1-210;221-429		TP=2;FP=0
1i8d_A	6-44;45-84;103-142;143-182		TP=0;FP=4
1idu_A	No repeats found		TP=0;FP=0
1iic_A	58-223;246-426		TP=2;FP=0
1itb_B	No repeats found		TP=0;FP=0
1itk_B	No repeats found		TP=0;FP=0
1j6z_A	No repeats found		TP=0;FP=0
1jfl_A	2-115;116-225		TP=2;FP=0
1jh7_A	9-84;85-163		TP=2;FP=0
1jly_A	3-50;53-102;106-154;161-205;206-251;252-299		TP=6;FP=0
1jnx_X	No repeats found		TP=0;FP=0
1jr2_A	1-129;137-254		TP=2;FP=0
1jsg_A	12-54;70-111		TP=2;FP=0
1jtg_B	No repeats found		TP=0;FP=0
1k6k_A	1-62;79-142		TP=2;FP=0
1k8k_D	No repeats found		TP=0;FP=0
1kg1_A	No repeats found		TP=0;FP=0
1kiz_A	No repeats found		TP=0;FP=0
1knc_A	8-88;95-171		TP=2;FP=0
1kpl_B	27-238;246-447		TP=2;FP=0
1kzq_A	6-130;136-255		TP=2;FP=0
1lar_A	1307-1585;1590-1876		TP=2;FP=0
1li1_A	5-113;115-227		TP=2;FP=0
1lpb_A	No repeats found		TP=0;FP=0
1moq_A	250-429;431-595		TP=2;FP=0
1msv_A	8-63;74-159;173-230;246-321		TP=3;FP=1
1n0f_G	27-84;98-156		TP=2;FP=0
1n81_A	32-112;119-195		TP=2;FP=0
1nu9_C	No repeats found		TP=0;FP=0
1o70_A	No repeats found		TP=0;FP=0
1ock_A	No repeats found		TP=0;FP=0
1opm_A	No repeats found		TP=0;FP=0
1pg6_A	15-90;93-155;156-217		TP=3;FP=0
1ppr_M	1-76;79-149;164-239;241-311		TP=0;FP=4
1pv6_A	8-95;96-188;221-310;311-400		TP=0;FP=4
1qd1_B	No repeats found		TP=0;FP=0
1qhg_A	No repeats found		TP=0;FP=0
1qjs_A	26-62;69-108;115-158;159-200;229-269;275-317;329-370;371-426		TP=0;FP=8
1qm4_A	17-70;133-205;256-332		TP=2;FP=1
1qqg_A	No repeats found		TP=0;FP=0
1qr0_A	No repeats found		TP=0;FP=0
1qs1_A	60-261;262-458		TP=2;FP=0
1qun_B	No repeats found		TP=0;FP=0
1r51_A	No repeats found		TP=0;FP=0
1rhz_A	19-199;205-428		TP=2;FP=0
1rl6_A	No repeats found		TP=0;FP=0
1rwt_J	36-114;151-223		TP=2;FP=0
1s3n_A	1-89;91-156		TP=2;FP=0
1skz_A	7-54;62-109		TP=2;FP=0
1sum_B	8-109;112-209		TP=2;FP=0
1t0t_Y	9-112;137-240		TP=2;FP=0
1tbr_R	No repeats found		TP=0;FP=0
1toc_R	1-52;60-115		TP=2;FP=0
1v9m_A	No repeats found		TP=0;FP=0
1vjl_A	No repeats found		TP=0;FP=0
1vkw_A	22-104;129-205		TP=2;FP=0
1wba_A	11-62;70-123;128-172		TP=3;FP=0
1ycq_A	21-65;68-108		TP=2;FP=0
1yua_A	No repeats found		TP=0;FP=0
2bmi_A	9-120;124-210		TP=2;FP=0
2bn2_A	No repeats found		TP=0;FP=0
2bs2_C	No repeats found		TP=0;FP=0
2dri_A	1-121;123-253		TP=2;FP=0
2g3p_A	No repeats found		TP=0;FP=0
2psp_A	No repeats found		TP=0;FP=0
2up1_A	No repeats found		TP=0;FP=0
3ezm_A	1-49;50-100		TP=2;FP=0
3pep_A	No repeats found		TP=0;FP=0
4pro_C	No repeats found		TP=0;FP=0
